{"valueMap":{"k10_0_1":0.6,"k10_10_1":0,"k10_11_1":1.1,"k10_12_1":"YES","k10_1_1":1.7,"k10_2_1":0.35,"k10_3_1":0.315,"k10_4_1":0.07,"k10_5_1":0.28,"k10_6_1":0.2,"k10_7_1":0.2,"k10_8_1":5,"k10_9_1":0,"k11_0_1":60,"k11_10_1":"YES","k11_11_1":"YES","k11_12_1":"YES","k11_13_1":15,"k11_14_1":"YES","k11_15_1":"1_create_skin_token","k11_1_1":25,"k11_2_1":15,"k11_3_1":3,"k11_4_1":10,"k11_5_1":"skin_custom_","k11_6_1":".png","k11_7_1":".meta","k11_8_1":15,"k11_9_1":"0xDD5E0000","k12_0_1":"dailyRewardE","k12_1_1":1,"k12_2_1":2,"k13_0_1":31.6227766016837,"k13_0_2":31.6227766016837,"k13_0_3":31.6227766016837,"k13_0_4":31.6227766016837,"k13_10_1":3,"k13_10_2":3,"k13_10_3":3,"k13_10_4":3,"k13_11_1":12,"k13_11_2":12,"k13_11_3":12,"k13_11_4":12,"k13_12_1":2,"k13_12_2":2,"k13_12_3":"undefined","k13_12_4":2,"k13_13_1":1.5,"k13_13_2":1.5,"k13_13_3":1.5,"k13_13_4":1,"k13_14_1":0.99998,"k13_14_2":0.99998,"k13_14_3":0.99998,"k13_14_4":0.99998,"k13_15_1":50,"k13_15_2":50,"k13_15_3":50,"k13_15_4":50,"k13_16_1":30000,"k13_16_2":30000,"k13_16_3":15000,"k13_16_4":15000,"k13_17_1":30,"k13_17_2":30,"k13_17_3":30,"k13_17_4":30,"k13_18_1":100,"k13_18_2":100,"k13_18_3":100,"k13_18_4":100,"k13_19_1":100,"k13_19_2":100,"k13_19_3":100,"k13_19_4":100,"k13_1_1":56.56854249,"k13_1_2":56.56854249,"k13_1_3":56.56854249,"k13_1_4":56.56854249,"k13_20_1":0.87965,"k13_20_2":0.87965,"k13_20_3":0.87965,"k13_20_4":0.87965,"k13_21_1":100.01,"k13_21_2":100.01,"k13_21_3":100.01,"k13_21_4":100.01,"k13_22_1":141.421356237,"k13_22_2":141.421356237,"k13_22_3":120.01,"k13_22_4":120.01,"k13_23_1":10,"k13_23_2":10,"k13_23_3":10,"k13_23_4":10,"k13_24_1":40,"k13_24_2":40,"k13_24_3":40,"k13_24_4":40,"k13_25_1":2000,"k13_25_2":2000,"k13_25_3":2000,"k13_25_4":2000,"k13_26_1":5,"k13_26_2":5,"k13_26_3":10,"k13_26_4":5,"k13_27_1":11180,"k13_27_2":11180,"k13_27_3":10062,"k13_27_4":11180,"k13_28_1":1.0005e-05,"k13_28_2":1.0005e-05,"k13_28_3":1.482e-05,"k13_28_4":1.325e-05,"k13_29_1":2.5e-07,"k13_29_2":2.5e-07,"k13_29_3":6.2e-07,"k13_29_4":0,"k13_2_1":60,"k13_2_2":60,"k13_2_3":60,"k13_2_4":60,"k13_30_1":0.707106781186547,"k13_30_2":0.707106781186547,"k13_30_3":0.707106781186547,"k13_30_4":0.707106781186547,"k13_31_1":100,"k13_31_2":100,"k13_31_3":100,"k13_31_4":100,"k13_32_1":1000,"k13_32_2":1000,"k13_32_3":1000,"k13_32_4":1000,"k13_33_1":0.2,"k13_33_2":0.2,"k13_33_3":0.2,"k13_33_4":0.2,"k13_34_1":0.2,"k13_34_2":0.2,"k13_34_3":0.2,"k13_34_4":0.2,"k13_35_1":20,"k13_35_2":20,"k13_35_3":20,"k13_35_4":20,"k13_36_1":0.866,"k13_36_2":0.866,"k13_36_3":0.866,"k13_36_4":0.866,"k13_37_1":0.999,"k13_37_2":0.999,"k13_37_3":0.999,"k13_37_4":0.999,"k13_38_1":0.5,"k13_38_2":0.5,"k13_38_3":0.5,"k13_38_4":0.5,"k13_39_1":106.06601717,"k13_39_2":106.06601717,"k13_39_3":106.06601717,"k13_39_4":106.06601717,"k13_3_1":"undefined","k13_3_2":5,"k13_3_3":4,"k13_3_4":3,"k13_40_1":-0.45,"k13_40_2":-0.45,"k13_40_3":-0.45,"k13_40_4":-0.45,"k13_41_1":1.5,"k13_41_2":1.5,"k13_41_3":1.5,"k13_41_4":1.5,"k13_42_1":"undefined","k13_42_2":"undefined","k13_42_3":5,"k13_42_4":0,"k13_43_1":20,"k13_43_2":20,"k13_43_3":20,"k13_43_4":20,"k13_44_1":0.01,"k13_44_2":0.01,"k13_44_3":0.01,"k13_44_4":0.01,"k13_45_1":0.4,"k13_45_2":0.4,"k13_45_3":0.4,"k13_45_4":0.4,"k13_46_1":5,"k13_46_2":5,"k13_46_3":5,"k13_46_4":5,"k13_47_1":3,"k13_47_2":3,"k13_47_3":3,"k13_47_4":3,"k13_48_1":3,"k13_48_2":3,"k13_48_3":3,"k13_48_4":3,"k13_49_1":3,"k13_49_2":3,"k13_49_3":3,"k13_49_4":3,"k13_4_1":"undefined","k13_4_2":"undefined","k13_4_3":5,"k13_4_4":"undefined","k13_50_1":0,"k13_50_2":0,"k13_50_3":0,"k13_50_4":0,"k13_51_1":0,"k13_51_2":0,"k13_51_3":0,"k13_51_4":0,"k13_52_1":60,"k13_52_2":60,"k13_52_3":60,"k13_52_4":60,"k13_53_1":5,"k13_53_2":5,"k13_53_3":5,"k13_53_4":5,"k13_54_1":0.02,"k13_54_2":0.02,"k13_54_3":0.02,"k13_54_4":0.02,"k13_5_1":0.04,"k13_5_2":0.04,"k13_5_3":0.04,"k13_5_4":0.04,"k13_6_1":60,"k13_6_2":60,"k13_6_3":60,"k13_6_4":60,"k13_7_1":"undefined","k13_7_2":"undefined","k13_7_3":1,"k13_7_4":"undefined","k13_8_1":"undefined","k13_8_2":"undefined","k13_8_3":15,"k13_8_4":"undefined","k13_9_1":"undefined","k13_9_2":"undefined","k13_9_3":5,"k13_9_4":"undefined","k14_0_1":3,"k14_10_1":"YES","k14_11_1":"YES","k14_12_1":"YES","k14_13_1":"YES","k14_1_1":2,"k14_2_1":5,"k14_3_1":0.041666666667,"k14_4_1":5,"k14_5_1":"PT","k14_6_1":"NO","k14_7_1":"YES","k14_8_1":"YES","k14_9_1":7,"k15_0_1":50,"k15_1_1":"coin","k15_2_1":1440,"k15_3_1":"NO","k16_0_1":600,"k16_1_1":2,"k16_2_1":19,"k16_3_1":600,"k16_4_1":10,"k17_0_1":"https://r.agar.io","k17_1_1":"party","k17_2_1":6,"k17_3_1":300,"k17_4_1":"0xFFC30000","k17_5_1":"0xF9F92F00","k17_6_1":10800,"k17_7_1":"party=","k17_8_1":"YES","k18_0_1":10,"k18_1_1":10,"k18_2_1":300,"k18_3_1":60,"k18_4_1":4,"k18_5_1":10,"k18_6_1":10,"k18_7_1":10,"k20_0_1":"skin_empty","k20_10_1":"NO","k20_11_1":"YES","k20_12_1":"YES","k20_13_1":"en","k20_14_1":"YES","k20_15_1":15,"k20_16_1":"YES","k20_17_1":"YES","k20_1_1":"NO","k20_2_1":"YES","k20_3_1":"NO","k20_4_1":"NO","k20_5_1":"YES","k20_6_1":"YES","k20_7_1":"NO","k20_8_1":"BUTTON_POSITION_RIGHT","k20_9_1":"YES","k22_0_1":10,"k22_10_1":10,"k22_11_1":10,"k22_12_1":10,"k22_13_1":10,"k22_14_1":0,"k22_15_1":10,"k22_16_1":10,"k22_17_1":10,"k22_18_1":10,"k22_19_1":10,"k22_1_1":10,"k22_20_1":10,"k22_21_1":10,"k22_22_1":10,"k22_23_1":10,"k22_24_1":10,"k22_25_1":10,"k22_26_1":10,"k22_27_1":0,"k22_2_1":10,"k22_3_1":10,"k22_4_1":10,"k22_5_1":10,"k22_6_1":10,"k22_7_1":10,"k22_8_1":1,"k22_9_1":10,"k4_0_1":1,"k4_10_1":3000,"k4_11_1":1000,"k4_12_1":"APPLOVIN","k4_13_1":"APPLOVIN","k4_14_1":"APPLOVIN","k4_15_1":"APPLOVIN","k4_16_1":1,"k4_17_1":"YES","k4_18_1":10,"k4_19_1":3,"k4_1_1":1,"k4_20_1":3600,"k4_21_1":"YES","k4_22_1":"YES","k4_23_1":3000,"k4_24_1":3500,"k4_25_1":"YES","k4_26_1":10000,"k4_27_1":21600,"k4_28_1":{"A":"YES","Control":"NO","default":"NO","name":"state_transition"},"k4_29_1":[1,25],"k4_2_1":24,"k4_30_1":"Miniclip_Lobby_Button","k4_31_1":"Miniclip_Newsfeed","k4_32_1":"YES","k4_33_1":2,"k4_34_1":"YES","k4_3_1":40,"k4_4_1":"YES","k4_5_1":"YES","k4_6_1":[9999],"k4_7_1":"YES","k4_8_1":30,"k4_9_1":1,"k53_0_0":"mass_boost_0","k53_0_1":"power_up_mushroom_bad.png","k53_1_0":"mass_boost_1","k53_1_1":"power_up_mushroom_good.png","k53_2_0":"speed_multiplier_1","k53_2_1":"power_up_lollipop.png","k53_3_0":"pirate_coin_1","k53_3_1":"power_up_token_coin.png","k53_4_0":"food_magnet_1","k53_4_1":"power_up_magnet.png","k53_5_0":"virus_1","k53_5_1":"power_up_virus.png","k53_6_0":"invincibility_1","k53_6_1":"power_up_invincibility.png","k53_7_0":"shoot_powerup_1","k53_7_1":"power_up_golden_cocoa.png","k53_7_3":"power_up_golden_cocoa.png","k53_8_0":"slow_powerup_1","k53_8_1":"power_up_golden_cocoa.png","k53_8_2":"power_up_effect_chocolate.png","k53_8_4":"0xFFD400CC","k56_0_1":"season_pass","k56_1_1":["elite_deal_season_low","elite_deal_halloween_2024_season_high"],"k56_2_1":36000,"k56_3_1":1,"k56_4_1":"elite_deal_season_low","k56_5_1":"elite_deal_halloween_2024_season_high","k56_6_1":99,"k56_7_1":[1,2,3,4,5,6,7,8,9,10,11,12,13,14,15,16,17,18,19,20,21,22,23,24,25,26,27,28,29,30,31,32,33,34,35,36,37,38,39,40],"k56_8_1":166,"k5_0_1":"1_potion_battle_promo","k6_0_1":50,"k6_1_1":50,"k71_0_1":"NO","k71_10_1":"NO","k71_11_1":"VIP","k71_12_1":"NO","k71_13_1":"NO","k71_1_1":259200,"k71_2_1":259200,"k71_3_1":"NO","k71_4_1":3,"k71_5_1":4,"k71_6_1":1,"k71_7_1":1,"k71_8_1":160,"k71_9_1":9,"k8_0_1":7,"k8_10_1":"NO","k8_11_1":20,"k8_12_1":0,"k8_13_1":"NO","k8_14_1":"YES","k8_1_1":0.35,"k8_2_1":3,"k8_3_1":260,"k8_4_1":360,"k8_5_1":0.003,"k8_6_1":"YES","k8_7_1":"YES","k8_8_1":"YES","k8_9_1":"YES","k97_0_1":"golden_road","k97_1_1":["golden_road","golden_road_offer1","golden_road_offer2"],"k97_2_1":36000,"k97_3_1":"Default_Skin_01.png","k97_4_1":"0x39006DFF","k97_5_1":"NO","k97_6_1":"golden_road_offer1","k97_7_1":"golden_road_offer2","k97_8_1":165,"k9_0_1":5,"k9_1_1":"1_game_continue_token","k9_2_1":"once_per_session","k9_3_1":5,"k9_4_1":72,"k9_5_1":0,"k9_6_1":2,"k9_7_1":{"A":2,"B":3,"Control":1,"default":1,"name":"continue_system_limit"},